{
  "dataset": {
    "rows": 82484,
    "features": 7,
    "train_size": 65987,
    "test_size": 16497
  },
  "metrics": {
    "mae": 2870449584.87285,
    "rmse": 39555439284.93214,
    "r2": 0.15893867496035874,
    "mape_percent": 116.24300866391744
  },
  "forecast": {
    "year": 2028,
    "predicted_price_vnd": 9585588517.134888
  }
}